<?xml version="1.0" encoding="UTF-8"?>
<beans
	xsi:schemaLocation="http://www.springframework.org/schema/beans http://www.springframework.org/schema/beans/spring-beans.xsd http://www.springframework.org/schema/context http://www.springframework.org/schema/context/spring-context.xsd"
	xmlns:p="http://www.springframework.org/schema/p" xmlns:context="http://www.springframework.org/schema/context"
	xmlns:xsi="http://www.w3.org/2001/XMLSchema-instance" xmlns="http://www.springframework.org/schema/beans">

	<bean name="hospital" class="springcorelist.Hospital">

  <property name="name">
  <value>Global Hosptal</value>
  </property>	

  <property name="departments">
  <list>
  <value>Front Office</value>
  <value>In Patient</value>
  <value>Out Patient</value>  
  </list>
  </property>	
	</bean>
		
	
</beans>